分類	エフェクト名	主な効果・役割
ダイナミクス系（音量・ダイナミックレンジ）	コンプレッサー (Compressor)	指定した音量以上の音を圧縮し、全体の音量差を小さくする
ダイナミクス系（音量・ダイナミックレンジ）	リミッター (Limiter)	音量が指定した最大値を絶対に超えないように強く制限する
ダイナミクス系（音量・ダイナミックレンジ）	マキシマイザー (Maximizer)	音割れを防ぎながら全体の音圧（聴感上の音量）を極限まで上げる
ダイナミクス系（音量・ダイナミックレンジ）	エクスパンダー (Expander)	指定した音量以下の音をさらに小さくし、メリハリをつける
ダイナミクス系（音量・ダイナミックレンジ）	ノイズゲート (Noise Gate)	指定した音量以下の小さな音（ノイズなど）を完全に遮断する
周波数系（音色・帯域調整）	イコライザー (EQ / Equalizer)	特定の周波数帯域（低音・中音・高音など）をブーストまたはカットする
周波数系（音色・帯域調整）	ハイパスフィルター (HPF)	低音域をカットし、指定した周波数以上の高音域だけを通す
周波数系（音色・帯域調整）	ローパスフィルター (LPF)	高音域をカットし、指定した周波数以下の低音域だけを通す
周波数系（音色・帯域調整）	バンドパスフィルター (BPF)	指定した特定の周波数帯域だけを通し、それ以外をカットする
空間・時間系（残響・反響）	リバーブ (Reverb)	部屋やホールの残響音をシミュレートし、音に広がりや奥行きを与える
空間・時間系（残響・反響）	ディレイ (Delay)	元の音を遅らせて繰り返すことで、山びこのようなエコー効果を作る
空間・時間系（残響・反響）	エコー (Echo)	ディレイの 一種で、より反響がはっきりと独立して聞こえる効果
モジュレーション系（揺らぎ・変調）	コーラス (Chorus)	音をわずかに遅らせて音程を揺らし、複数の音が合唱しているような厚みを出す
モジュレーション系（揺らぎ・変調）	フランジャー (Flanger)	ディレイタイムを周期的に変化させ、ジェット機のようなうねり効果を作る
モジュレーション系（揺らぎ・変調）	フェイザー (Phaser)	音の位相をずらすことで、シュワシュワとした回転するようなうねりを作る
モジュレーション系（揺らぎ・変調）	トレモロ (Tremolo)	音量を周期的に上下させ、音を細かく震えさせる
モジュレーション系（揺らぎ・変調）	ビブラート (Vibrato)	音高（ピッチ）を周期的に上下させ、音程を揺らす
歪み・サチュレーション系（倍音付加）	ディストーション (Distortion)	波形を激しく歪ませて、ロックギターのような粗く激しい音にする
歪み・サチュレーション系（倍音付加）	オーバードライブ (Overdrive)	アンプに過大入力を入れたような、比較的マイルドで温かみのある歪み
歪み・サチュレーション系（倍音付加）	ファズ (Fuzz)	波形を完全に四角く潰し、ブチブチとした過激な歪みを作る
歪み・サチュレーション系（倍音付加）	サチュレーター (Saturator)	アナログ機器特有の磁気飽和を再現し、心地よい倍音と太さを加える
ピッチ・時間軸系（音高・速度）	ピッチシフター (Pitch Shifter)	再生速度を変えずに、音の高さ（ピッチ）だけを上下させる
ピッチ・時間軸系（音高・速度）	ピッチ補正 (Pitch Correction)	ボーカルなどの音程のズレを検知し、正しい音高へ自動修復する（オートチューン等）
ピッチ・時間軸系（音高・速度）	タイムストレッチ (Time Stretch)	音高を変えずに、テンポ（再生速度）だけを伸縮させる
その他特殊・定位系（音像・定位）	パンナー (Panner)	音が左右のスピーカーのどの位置から聞こえるか（定位）を調整する
その他特殊・定位系（音像・定位）	ステレオイメージャー (Stereo Imager)	音の左右への広がり感（ステレオ感）を拡張または縮小する
その他特殊・定位系（音像・定位）	ボコーダー (Vocoder)	音声信号でシンセサイザーの音を変調させ、「ロボットボイス」を作る
その他特殊・定位系（音像・定位）	エキサイター (Exciter / Enhancer)	歪みや位相変化を利用して、音の輪郭をはっきりさせ輝きを与える
その他特殊・定位系（音像・定位）	ビットクラッシャー (Bitcrusher)	音の解像度（ビット数やサンプリングレート）を意図的に下げてレトロなゲーム音風にする

